ligand_receptor,lr_id
TGFB1_TGFBR1_TGFBR2,1464
TGFB2_TGFBR1_TGFBR2,1468
TGFB3_TGFBR1_TGFBR2,1472
TGFB1_ACVR1B_TGFBR2,1461
TGFB1_ACVR1C_TGFBR2,1462
TGFB2_ACVR1B_TGFBR2,1465
TGFB2_ACVR1C_TGFBR2,1466
TGFB3_ACVR1B_TGFBR2,1469
TGFB3_ACVR1C_TGFBR2,1470
TGFB1_ACVR1_TGFBR,1463
TGFB2_ACVR1_TGFBR,1467
TGFB3_ACVR1_TGFBR,1471
BMP2_BMPR1A_ACVR2A,52
BMP2_BMPR1A_ACVR2B,53
BMP2_BMPR1A_BMPR2,54
BMP2_BMPR1B_ACVR2A,55
BMP2_BMPR1B_ACVR2B,56
BMP2_BMPR1B_BMPR2,57
BMP4_BMPR1A_ACVR2A,58
BMP4_BMPR1A_ACVR2B,59
BMP4_BMPR1A_BMPR2,60
BMP4_BMPR1B_ACVR2A,61
BMP4_BMPR1B_ACVR2B,62
BMP4_BMPR1B_BMPR2,63
GDF5_BMPR1A_ACVR2A,706
GDF5_BMPR1A_ACVR2B,707
GDF5_BMPR1A_BMPR2,708
GDF5_BMPR1B_ACVR2A,709
GDF5_BMPR1B_ACVR2B,710
GDF5_BMPR1B_BMPR2,711
GDF6_BMPR1A_ACVR2A,712
GDF6_BMPR1A_ACVR2B,713
GDF6_BMPR1A_BMPR2,714
GDF6_BMPR1B_ACVR2A,715
GDF6_BMPR1B_ACVR2B,716
GDF6_BMPR1B_BMPR2,717
GDF7_BMPR1A_ACVR2A,718
GDF7_BMPR1A_ACVR2B,719
GDF7_BMPR1A_BMPR2,720
GDF7_BMPR1B_ACVR2A,721
GDF7_BMPR1B_ACVR2B,722
GDF7_BMPR1B_BMPR2,723
BMP15_BMPR1B_BMPR2,51
BMP5_ACVR1_ACVR2A,64
BMP5_ACVR1_ACVR2B,65
BMP5_ACVR1_BMPR2,66
BMP5_BMPR1A_ACVR2A,67
BMP5_BMPR1A_ACVR2B,68
BMP5_BMPR1A_BMPR2,69
BMP5_BMPR1B_ACVR2A,70
BMP5_BMPR1B_ACVR2B,71
BMP5_BMPR1B_BMPR2,72
BMP6_ACVR1_ACVR2A,73
BMP6_ACVR1_ACVR2B,74
BMP6_ACVR1_BMPR2,75
BMP6_BMPR1A_ACVR2A,76
BMP6_BMPR1A_ACVR2B,77
BMP6_BMPR1A_BMPR2,78
BMP6_BMPR1B_ACVR2A,79
BMP6_BMPR1B_ACVR2B,80
BMP6_BMPR1B_BMPR2,81
BMP7_ACVR1_ACVR2A,82
BMP7_ACVR1_ACVR2B,83
BMP7_ACVR1_BMPR2,84
BMP7_BMPR1A_ACVR2A,85
BMP7_BMPR1A_ACVR2B,86
BMP7_BMPR1A_BMPR2,87
BMP7_BMPR1B_ACVR2A,88
BMP7_BMPR1B_ACVR2B,89
BMP7_BMPR1B_BMPR2,90
BMP8A_ACVR1_ACVR2A,91
BMP8A_ACVR1_ACVR2B,92
BMP8A_ACVR1_BMPR2,93
BMP8A_BMPR1A_ACVR2A,94
BMP8A_BMPR1A_ACVR2B,95
BMP8A_BMPR1A_BMPR2,96
BMP8A_BMPR1B_ACVR2A,97
BMP8A_BMPR1B_ACVR2B,98
BMP8A_BMPR1B_BMPR2,99
BMP8B_ACVR1_ACVR2A,100
BMP8B_ACVR1_ACVR2B,101
BMP8B_ACVR1_BMPR2,102
BMP8B_BMPR1A_ACVR2A,103
BMP8B_BMPR1A_ACVR2B,104
BMP8B_BMPR1A_BMPR2,105
BMP8B_BMPR1B_ACVR2A,106
BMP8B_BMPR1B_ACVR2B,107
BMP8B_BMPR1B_BMPR2,108
BMP10_ACVRL1_BMPR2,50
BMP10_ACVRL1_ACVR2A,49
GDF2_ACVRL1_BMPR2,701
GDF2_ACVRL1_ACVR2A,700
GDF9_ACVR1B_BMPR2,724
GDF10_ACVR1B_ACVR2A,691
GDF11_TGFBR1_ACVR2A,693
GDF11_TGFBR1_ACVR2B,694
GDF11_ACVR1B_ACVR2B,692
GDF15_TGFBR2,695
MSTN_TGFBR1_ACVR2B,1133
MSTN_ACVR1B_ACVR2B,1131
MSTN_ACVR1B_ACVR2A,1130
MSTN_TGFBR1_ACVR2A,1132
AMH_AMHR2_ACVR1,14
AMH_AMHR2_BMPR1A,15
GDNF_GFRA1_RET,725
NRTN_GFRA2_RET,1195
ARTN_GFRA3_RET,43
PSPN_GFRA4_RET,1285
ARTN_GFRA1_RET,42
NODAL_ACVR1B_ACVR2A_CFC1,1160
NODAL_ACVR1C_ACVR2A_CFC1,1162
NODAL_ACVR1B_ACVR2B_CFC1,1161
NODAL_ACVR1C_ACVR2B_CFC1,1163
GDF1_ACVR1B_ACVR2A_CFC1,696
GDF1_ACVR1B_ACVR2B_CFC1,697
GDF1_ACVR1C_ACVR2A_CFC1,698
GDF1_ACVR1C_ACVR2B_CFC1,699
GDF3_ACVR1B_ACVR2A_CFC1,702
GDF3_ACVR1B_ACVR2B_CFC1,703
GDF3_ACVR1C_ACVR2A_CFC1,704
GDF3_ACVR1C_ACVR2B_CFC1,705
INHBA_ACVR1B_ACVR2A,898
INHBA_ACVR1B_ACVR2B,899
INHBB_ACVR1B_ACVR2A,900
INHBB_ACVR1B_ACVR2B,901
INHBB_ACVR1C_ACVR2A,902
INHBB_ACVR1C_ACVR2B,903
INHBC_ACVR1B_ACVR2A,904
INHBC_ACVR1B_ACVR2B,905
INHBC_ACVR1C_ACVR2A,906
INHBC_ACVR1C_ACVR2B,907
INHBE_ACVR1B_ACVR2A,908
INHBE_ACVR1B_ACVR2B,909
INHBE_ACVR1C_ACVR2A,910
INHBE_ACVR1C_ACVR2B,911
ACTIVIN AB_ACVR1B_ACVR2A,0
ACTIVIN AB_ACVR1B_ACVR2B,1
ACTIVIN AB_ACVR1C_ACVR2A,2
ACTIVIN AB_ACVR1C_ACVR2B,3
INHIBIN A_ACVR2A,912
INHIBIN B_ACVR2B,913
WNT1_FZD1_LRP5,1657
WNT1_FZD10_LRP5,1655
WNT1_FZD2_LRP5,1659
WNT1_FZD3_LRP5,1661
WNT1_FZD4_LRP5,1663
WNT1_FZD5_LRP5,1665
WNT1_FZD6_LRP5,1667
WNT1_FZD7_LRP5,1669
WNT1_FZD8_LRP5,1671
WNT1_FZD9_LRP5,1673
WNT10A_FZD1_LRP5,1587
WNT10A_FZD10_LRP5,1585
WNT10A_FZD2_LRP5,1589
WNT10A_FZD3_LRP5,1591
WNT10A_FZD4_LRP5,1593
WNT10A_FZD5_LRP5,1595
WNT10A_FZD6_LRP5,1597
WNT10A_FZD7_LRP5,1599
WNT10A_FZD8_LRP5,1601
WNT10A_FZD9_LRP5,1603
WNT10B_FZD1_LRP5,1607
WNT10B_FZD10_LRP5,1605
WNT10B_FZD2_LRP5,1609
WNT10B_FZD3_LRP5,1611
WNT10B_FZD4_LRP5,1613
WNT10B_FZD5_LRP5,1615
WNT10B_FZD6_LRP5,1617
WNT10B_FZD7_LRP5,1619
WNT10B_FZD8_LRP5,1621
WNT10B_FZD9_LRP5,1623
WNT16_FZD1_LRP5,1637
WNT16_FZD10_LRP5,1635
WNT16_FZD2_LRP5,1639
WNT16_FZD3_LRP5,1641
WNT16_FZD4_LRP5,1643
WNT16_FZD5_LRP5,1645
WNT16_FZD6_LRP5,1647
WNT16_FZD7_LRP5,1649
WNT16_FZD8_LRP5,1651
WNT16_FZD9_LRP5,1653
WNT2_FZD1_LRP5,1697
WNT2_FZD10_LRP5,1695
WNT2_FZD2_LRP5,1699
WNT2_FZD3_LRP5,1701
WNT2_FZD4_LRP5,1703
WNT2_FZD5_LRP5,1705
WNT2_FZD6_LRP5,1707
WNT2_FZD7_LRP5,1709
WNT2_FZD8_LRP5,1711
WNT2_FZD9_LRP5,1713
WNT2B_FZD1_LRP5,1677
WNT2B_FZD10_LRP5,1675
WNT2B_FZD2_LRP5,1679
WNT2B_FZD3_LRP5,1681
WNT2B_FZD4_LRP5,1683
WNT2B_FZD5_LRP5,1685
WNT2B_FZD6_LRP5,1687
WNT2B_FZD7_LRP5,1689
WNT2B_FZD8_LRP5,1691
WNT2B_FZD9_LRP5,1693
WNT3_FZD1_LRP5,1737
WNT3_FZD10_LRP5,1735
WNT3_FZD2_LRP5,1739
WNT3_FZD3_LRP5,1741
WNT3_FZD4_LRP5,1743
WNT3_FZD5_LRP5,1745
WNT3_FZD6_LRP5,1747
WNT3_FZD7_LRP5,1749
WNT3_FZD8_LRP5,1751
WNT3_FZD9_LRP5,1753
WNT3A_FZD1_LRP5,1717
WNT3A_FZD10_LRP5,1715
WNT3A_FZD2_LRP5,1719
WNT3A_FZD3_LRP5,1721
WNT3A_FZD4_LRP5,1723
WNT3A_FZD5_LRP5,1725
WNT3A_FZD6_LRP5,1727
WNT3A_FZD7_LRP5,1729
WNT3A_FZD8_LRP5,1731
WNT3A_FZD9_LRP5,1733
WNT4_FZD1_LRP5,1757
WNT4_FZD10_LRP5,1755
WNT4_FZD2_LRP5,1759
WNT4_FZD3_LRP5,1761
WNT4_FZD4_LRP5,1763
WNT4_FZD5_LRP5,1765
WNT4_FZD6_LRP5,1767
WNT4_FZD7_LRP5,1769
WNT4_FZD8_LRP5,1771
WNT4_FZD9_LRP5,1773
WNT6_FZD1_LRP5,1798
WNT6_FZD10_LRP5,1796
WNT6_FZD2_LRP5,1800
WNT6_FZD3_LRP5,1802
WNT6_FZD4_LRP5,1804
WNT6_FZD5_LRP5,1806
WNT6_FZD6_LRP5,1808
WNT6_FZD7_LRP5,1810
WNT6_FZD8_LRP5,1812
WNT6_FZD9_LRP5,1814
WNT7A_FZD1_LRP5,1818
WNT7A_FZD10_LRP5,1816
WNT7A_FZD2_LRP5,1820
WNT7A_FZD3_LRP5,1822
WNT7A_FZD4_LRP5,1824
WNT7A_FZD5_LRP5,1826
WNT7A_FZD6_LRP5,1828
WNT7A_FZD7_LRP5,1830
WNT7A_FZD8_LRP5,1832
WNT7A_FZD9_LRP5,1834
WNT7B_FZD1_LRP5,1838
WNT7B_FZD10_LRP5,1836
WNT7B_FZD2_LRP5,1840
WNT7B_FZD3_LRP5,1842
WNT7B_FZD4_LRP5,1844
WNT7B_FZD5_LRP5,1846
WNT7B_FZD6_LRP5,1848
WNT7B_FZD7_LRP5,1850
WNT7B_FZD8_LRP5,1852
WNT7B_FZD9_LRP5,1854
WNT8A_FZD1_LRP5,1858
WNT8A_FZD10_LRP5,1856
WNT8A_FZD2_LRP5,1860
WNT8A_FZD3_LRP5,1862
WNT8A_FZD4_LRP5,1864
WNT8A_FZD5_LRP5,1866
WNT8A_FZD6_LRP5,1868
WNT8A_FZD7_LRP5,1870
WNT8A_FZD8_LRP5,1872
WNT8A_FZD9_LRP5,1874
WNT8B_FZD1_LRP5,1878
WNT8B_FZD10_LRP5,1876
WNT8B_FZD2_LRP5,1880
WNT8B_FZD3_LRP5,1882
WNT8B_FZD4_LRP5,1884
WNT8B_FZD5_LRP5,1886
WNT8B_FZD6_LRP5,1888
WNT8B_FZD7_LRP5,1890
WNT8B_FZD8_LRP5,1892
WNT8B_FZD9_LRP5,1894
WNT9A_FZD1_LRP5,1898
WNT9A_FZD10_LRP5,1896
WNT9A_FZD2_LRP5,1900
WNT9A_FZD3_LRP5,1902
WNT9A_FZD4_LRP5,1904
WNT9A_FZD5_LRP5,1906
WNT9A_FZD6_LRP5,1908
WNT9A_FZD7_LRP5,1910
WNT9A_FZD8_LRP5,1912
WNT9A_FZD9_LRP5,1914
WNT9B_FZD1_LRP5,1918
WNT9B_FZD10_LRP5,1916
WNT9B_FZD2_LRP5,1920
WNT9B_FZD3_LRP5,1922
WNT9B_FZD4_LRP5,1924
WNT9B_FZD5_LRP5,1926
WNT9B_FZD6_LRP5,1928
WNT9B_FZD7_LRP5,1930
WNT9B_FZD8_LRP5,1932
WNT9B_FZD9_LRP5,1934
WNT1_FZD1_LRP6,1658
WNT1_FZD10_LRP6,1656
WNT1_FZD2_LRP6,1660
WNT1_FZD3_LRP6,1662
WNT1_FZD4_LRP6,1664
WNT1_FZD5_LRP6,1666
WNT1_FZD6_LRP6,1668
WNT1_FZD7_LRP6,1670
WNT1_FZD8_LRP6,1672
WNT1_FZD9_LRP6,1674
WNT10A_FZD1_LRP6,1588
WNT10A_FZD10_LRP6,1586
WNT10A_FZD2_LRP6,1590
WNT10A_FZD3_LRP6,1592
WNT10A_FZD4_LRP6,1594
WNT10A_FZD5_LRP6,1596
WNT10A_FZD6_LRP6,1598
WNT10A_FZD7_LRP6,1600
WNT10A_FZD8_LRP6,1602
WNT10A_FZD9_LRP6,1604
WNT10B_FZD1_LRP6,1608
WNT10B_FZD10_LRP6,1606
WNT10B_FZD2_LRP6,1610
WNT10B_FZD3_LRP6,1612
WNT10B_FZD4_LRP6,1614
WNT10B_FZD5_LRP6,1616
WNT10B_FZD6_LRP6,1618
WNT10B_FZD7_LRP6,1620
WNT10B_FZD8_LRP6,1622
WNT10B_FZD9_LRP6,1624
WNT16_FZD1_LRP6,1638
WNT16_FZD10_LRP6,1636
WNT16_FZD2_LRP6,1640
WNT16_FZD3_LRP6,1642
WNT16_FZD4_LRP6,1644
WNT16_FZD5_LRP6,1646
WNT16_FZD6_LRP6,1648
WNT16_FZD7_LRP6,1650
WNT16_FZD8_LRP6,1652
WNT16_FZD9_LRP6,1654
WNT2_FZD1_LRP6,1698
WNT2_FZD10_LRP6,1696
WNT2_FZD2_LRP6,1700
WNT2_FZD3_LRP6,1702
WNT2_FZD4_LRP6,1704
WNT2_FZD5_LRP6,1706
WNT2_FZD6_LRP6,1708
WNT2_FZD7_LRP6,1710
WNT2_FZD8_LRP6,1712
WNT2_FZD9_LRP6,1714
WNT2B_FZD1_LRP6,1678
WNT2B_FZD10_LRP6,1676
WNT2B_FZD2_LRP6,1680
WNT2B_FZD3_LRP6,1682
WNT2B_FZD4_LRP6,1684
WNT2B_FZD5_LRP6,1686
WNT2B_FZD6_LRP6,1688
WNT2B_FZD7_LRP6,1690
WNT2B_FZD8_LRP6,1692
WNT2B_FZD9_LRP6,1694
WNT3_FZD1_LRP6,1738
WNT3_FZD10_LRP6,1736
WNT3_FZD2_LRP6,1740
WNT3_FZD3_LRP6,1742
WNT3_FZD4_LRP6,1744
WNT3_FZD5_LRP6,1746
WNT3_FZD6_LRP6,1748
WNT3_FZD7_LRP6,1750
WNT3_FZD8_LRP6,1752
WNT3_FZD9_LRP6,1754
WNT3A_FZD1_LRP6,1718
WNT3A_FZD10_LRP6,1716
WNT3A_FZD2_LRP6,1720
WNT3A_FZD3_LRP6,1722
WNT3A_FZD4_LRP6,1724
WNT3A_FZD5_LRP6,1726
WNT3A_FZD6_LRP6,1728
WNT3A_FZD7_LRP6,1730
WNT3A_FZD8_LRP6,1732
WNT3A_FZD9_LRP6,1734
WNT4_FZD1_LRP6,1758
WNT4_FZD10_LRP6,1756
WNT4_FZD2_LRP6,1760
WNT4_FZD3_LRP6,1762
WNT4_FZD4_LRP6,1764
WNT4_FZD5_LRP6,1766
WNT4_FZD6_LRP6,1768
WNT4_FZD7_LRP6,1770
WNT4_FZD8_LRP6,1772
WNT4_FZD9_LRP6,1774
WNT6_FZD1_LRP6,1799
WNT6_FZD10_LRP6,1797
WNT6_FZD2_LRP6,1801
WNT6_FZD3_LRP6,1803
WNT6_FZD4_LRP6,1805
WNT6_FZD5_LRP6,1807
WNT6_FZD6_LRP6,1809
WNT6_FZD7_LRP6,1811
WNT6_FZD8_LRP6,1813
WNT6_FZD9_LRP6,1815
WNT7A_FZD1_LRP6,1819
WNT7A_FZD10_LRP6,1817
WNT7A_FZD2_LRP6,1821
WNT7A_FZD3_LRP6,1823
WNT7A_FZD4_LRP6,1825
WNT7A_FZD5_LRP6,1827
WNT7A_FZD6_LRP6,1829
WNT7A_FZD7_LRP6,1831
WNT7A_FZD8_LRP6,1833
WNT7A_FZD9_LRP6,1835
WNT7B_FZD1_LRP6,1839
WNT7B_FZD10_LRP6,1837
WNT7B_FZD2_LRP6,1841
WNT7B_FZD3_LRP6,1843
WNT7B_FZD4_LRP6,1845
WNT7B_FZD5_LRP6,1847
WNT7B_FZD6_LRP6,1849
WNT7B_FZD7_LRP6,1851
WNT7B_FZD8_LRP6,1853
WNT7B_FZD9_LRP6,1855
WNT8A_FZD1_LRP6,1859
WNT8A_FZD10_LRP6,1857
WNT8A_FZD2_LRP6,1861
WNT8A_FZD3_LRP6,1863
WNT8A_FZD4_LRP6,1865
WNT8A_FZD5_LRP6,1867
WNT8A_FZD6_LRP6,1869
WNT8A_FZD7_LRP6,1871
WNT8A_FZD8_LRP6,1873
WNT8A_FZD9_LRP6,1875
WNT8B_FZD1_LRP6,1879
WNT8B_FZD10_LRP6,1877
WNT8B_FZD2_LRP6,1881
WNT8B_FZD3_LRP6,1883
WNT8B_FZD4_LRP6,1885
WNT8B_FZD5_LRP6,1887
WNT8B_FZD6_LRP6,1889
WNT8B_FZD7_LRP6,1891
WNT8B_FZD8_LRP6,1893
WNT8B_FZD9_LRP6,1895
WNT9A_FZD1_LRP6,1899
WNT9A_FZD10_LRP6,1897
WNT9A_FZD2_LRP6,1901
WNT9A_FZD3_LRP6,1903
WNT9A_FZD4_LRP6,1905
WNT9A_FZD5_LRP6,1907
WNT9A_FZD6_LRP6,1909
WNT9A_FZD7_LRP6,1911
WNT9A_FZD8_LRP6,1913
WNT9A_FZD9_LRP6,1915
WNT9B_FZD1_LRP6,1919
WNT9B_FZD10_LRP6,1917
WNT9B_FZD2_LRP6,1921
WNT9B_FZD3_LRP6,1923
WNT9B_FZD4_LRP6,1925
WNT9B_FZD5_LRP6,1927
WNT9B_FZD6_LRP6,1929
WNT9B_FZD7_LRP6,1931
WNT9B_FZD8_LRP6,1933
WNT9B_FZD9_LRP6,1935
WNT5A_FZD1,1775
WNT5A_FZD10,1776
WNT5A_FZD2,1777
WNT5A_FZD3,1778
WNT5A_FZD4,1779
WNT5A_FZD5,1780
WNT5A_FZD6,1781
WNT5A_FZD7,1782
WNT5A_FZD8,1783
WNT5A_FZD9,1784
WNT5A_MCAM,1785
WNT5B_FZD1,1786
WNT5B_FZD10,1787
WNT5B_FZD2,1788
WNT5B_FZD3,1789
WNT5B_FZD4,1790
WNT5B_FZD5,1791
WNT5B_FZD6,1792
WNT5B_FZD7,1793
WNT5B_FZD8,1794
WNT5B_FZD9,1795
WNT11_FZD1,1625
WNT11_FZD10,1626
WNT11_FZD2,1627
WNT11_FZD3,1628
WNT11_FZD4,1629
WNT11_FZD5,1630
WNT11_FZD6,1631
WNT11_FZD7,1632
WNT11_FZD8,1633
WNT11_FZD9,1634
EGF_EGFR,576
EGF_EGFR_ERBB2,577
TGFA_EGFR,1459
TGFA_EGFR_ERBB2,1460
AREG_EGFR,40
AREG_EGFR_ERBB2,41
BTC_EGFR,109
BTC_EGFR_ERBB2,110
BTC_ERBB4,112
BTC_ERBB2_ERBB4,111
HBEGF_EGFR,745
HBEGF_EGFR_ERBB2,746
HBEGF_ERBB4,748
HBEGF_ERBB2_ERBB4,747
EREG_EGFR,585
EREG_EGFR_ERBB2,586
EREG_ERBB4,588
EREG_ERBB2_ERBB4,587
NRG1_ERBB3,1184
NRG1_ERBB2_ERBB3,1182
NRG1_ERBB4,1185
NRG1_ERBB2_ERBB4,1183
NRG2_ERBB3,1189
NRG2_ERBB2_ERBB3,1187
NRG2_ERBB4,1190
NRG2_ERBB2_ERBB4,1188
NRG3_ERBB4,1192
NRG3_ERBB2_ERBB4,1191
NRG4_ERBB4,1194
NRG4_ERBB2_ERBB4,1193
NRG1_ITGAV_ITGB3,1186
FGF1_FGFR1,622
FGF1_FGFR2,623
FGF1_FGFR3,624
FGF1_FGFR4,625
FGF2_FGFR1,636
FGF2_FGFR2,637
FGF2_FGFR3,638
FGF2_FGFR4,639
FGF4_FGFR1,642
FGF4_FGFR2,643
FGF4_FGFR3,644
FGF4_FGFR4,645
FGF5_FGFR1,646
FGF5_FGFR2,647
FGF5_FGFR3,648
FGF5_FGFR4,649
FGF6_FGFR1,650
FGF6_FGFR2,651
FGF6_FGFR3,652
FGF6_FGFR4,653
FGF7_FGFR1,654
FGF7_FGFR2,655
FGF3_FGFR1,640
FGF3_FGFR2,641
FGF10_FGFR1,604
FGF10_FGFR2,605
FGF22_FGFR2,632
FGF8_FGFR1,656
FGF8_FGFR2,657
FGF8_FGFR3,658
FGF8_FGFR4,659
FGF17_FGFR1,610
FGF17_FGFR2,611
FGF17_FGFR3,612
FGF17_FGFR4,613
FGF18_FGFR1,614
FGF18_FGFR2,615
FGF18_FGFR3,616
FGF18_FGFR4,617
FGF9_FGFR1,660
FGF9_FGFR2,661
FGF9_FGFR3,662
FGF9_FGFR4,663
FGF20_FGFR1,626
FGF20_FGFR2,627
FGF20_FGFR3,628
FGF20_FGFR4,629
FGF16_FGFR1,606
FGF16_FGFR2,607
FGF16_FGFR3,608
FGF16_FGFR4,609
FGF19_FGFR1,618
FGF19_FGFR2,619
FGF19_FGFR3,620
FGF19_FGFR4,621
FGF21_FGFR1,630
FGF21_FGFR3,631
FGF23_FGFR1,633
FGF23_FGFR3,634
FGF23_FGFR4,635
PDGFA_PDGFRA,1217
PDGFA_PDGFRB,1218
PDGFB_PDGFRA,1219
PDGFB_PDGFRB,1220
PDGFC_PDGFRA,1221
PDGFD_PDGFRB,1222
VEGFA_FLT1,1563
VEGFA_KDR,1565
VEGFB_FLT1,1566
VEGFC_FLT4,1567
VEGFC_KDR,1569
VEGFD_FLT4,1570
VEGFD_KDR,1572
PGF_FLT1,1234
VEGFA_FLT1_KDR,1564
VEGFC_FLT4_KDR,1568
VEGFD_FLT4_KDR,1571
IGF1_IGF1R,838
IGF2_IGF1R,841
IGF2_IGF2R,842
IGF1_ITGAV_ITGB3,840
IGF1_ITGA6_ITGB4,839
IGF2_ITGAV_ITGB3,844
IGF2_ITGA6_ITGB4,843
IGFL3_IGFLR1,845
INS_INSR,922
APLN_APLNR,38
DHH_PTCH1_SMO,489
IHH_PTCH1_SMO,846
SHH_PTCH1_SMO,1406
DHH_PTCH2_SMO,490
IHH_PTCH2_SMO,847
SHH_PTCH2_SMO,1407
CCL5_CCR1,181
CCL3_CCR1,175
CCL3L1_CCR1,172
CCL3L3_CCR1,173
CCL8_CCR1,193
CCL7_CCR1,187
CCL13_CCR1,135
CCL14_CCR1,138
CCL15_CCR1,139
CCL16_CCR1,141
CCL23_CCR1,156
CCL8_CCR2,194
CCL7_CCR2,188
CCL2_CCR2,170
CCL27_CCR2,164
CCL5_CCR3,182
CCL7_CCR3,189
CCL11_CCR3,131
CCL24_CCR3,158
CCL26_CCR3,162
CCL28_CCR3,167
CCL27_CCR3,165
CCL17_CCR4,144
CCL22_CCR4,155
CCL5_CCR4,183
CCL4_CCR5,178
CCL5_CCR5,184
CCL3_CCR5,176
CCL20_CCR6,151
CCL19_CCR7,147
CCL21_CCR7,153
CCL19_ACKR4,146
CCL21_ACKR4,152
CCL1_CCR8,150
CCL25_CCR9,160
CCL25_ACKR4,159
CCL28_CCR10,166
CCL27_CCR10,163
CCL1_ACKR4,149
CCL13_ACKR4,134
CCL8_ACKR4,192
CCL1_ACKR1,148
CCL2_ACKR1,168
CCL5_ACKR1,179
CCL8_ACKR1,190
CCL13_ACKR1,132
CCL14_ACKR1,136
CCL16_ACKR1,140
CCL18_ACKR1,145
CXCL1_ACKR1,469
CXCL2_ACKR1,472
CXCL3_ACKR1,475
CXCL5_ACKR1,478
CXCL6_ACKR1,481
CXCL8_ACKR1,484
CXCL9_ACKR1,487
CXCL10_ACKR1,458
CXCL11_ACKR1,460
CXCL13_ACKR1,465
CCL2_ACKR2,169
CCL3_ACKR2,174
CCL3L1_ACKR2,171
CCL4_ACKR2,177
CCL5_ACKR2,180
CCL7_ACKR2,186
CCL8_ACKR2,191
CCL7_ACKR1,185
CCL11_ACKR1,129
CCL11_ACKR2,130
CCL13_ACKR2,133
CCL22_ACKR2,154
CCL24_ACKR2,157
CCL26_ACKR2,161
CCL17_ACKR1,142
CCL14_ACKR2,137
CCL17_ACKR2,143
CXCL1_CXCR1,470
CXCL2_CXCR1,473
CXCL3_CXCR1,476
CXCL5_CXCR1,479
CXCL6_CXCR1,482
CXCL8_CXCR1,485
CXCL1_CXCR2,471
CXCL2_CXCR2,474
CXCL3_CXCR2,477
CXCL5_CXCR2,480
CXCL6_CXCR2,483
CXCL8_CXCR2,486
PPBP_CXCR2,1253
PF4V1_CXCR3,1232
CXCL9_CXCR3,488
CXCL10_CXCR3,459
CXCL11_CXCR3,462
CXCL13_CXCR3,466
PF4_CXCR3,1233
CXCL12_CXCR4,464
CXCL11_ACKR3,461
CXCL12_ACKR3,463
CXCL13_CXCR5,467
CXCL16_CXCR6,468
MIF_CD74_CXCR4,1126
MIF_CD74_CD44,1124
MIF_CD74_CXCR2,1125
MIF_ACKR3,1123
CX3CL1_CX3CR1,457
XCL1_XCR1,1936
XCL2_XCR1,1937
IL2_IL2RA_IL2RB_IL2RG,879
IL2_IL2RB_IL2RG,880
IL4_IL4R_IL2RG,893
IL7_IL7R_IL2RG,896
IL9_IL9R_IL2RG,897
IL15_IL15RA_IL2RB,855
IL21_IL21R_IL2RG,871
TSLP_IL7R_CRLF2,1551
IL3_IL3RA_CSF2RB,889
IL5_IL5RA_CSF2RB,894
CSF2_CSF2RA_CSF2RB,448
IL4_IL4R,890
IL4_IL4R_IL13RA1,891
IL4_IL4R_IL13RA2,892
IL13_IL4R_IL13RA1,853
IL13_IL4R_IL13RA2,854
IL13_IL13RA1,851
IL13_IL13RA2,852
IL6_IL6R_IL6ST,895
IL11_IL11R COMPLEX,849
IL12AB_IL12RB1_IL12RB2,850
IL23 COMPLEX_IL23R_IL12RB1,873
IL27 COMPLEX_IL27RA_IL6ST,878
IL31_IL31RA_OSMR,881
CNTF_CNTFR_LIFR,242
CLCF1_CNTFR_LIFR,235
CTF1_LIFR_IL6ST,451
LIF_LIFR_IL6ST,1104
OSM_LIFR_IL6ST,1212
OSM_OSMR_IL6ST,1213
IL10_IL10RA_IL10RB,848
IL19_IL20RA_IL20RB,863
IL20_IL20RA_IL20RB,869
IL24_IL20RA_IL20RB,874
IL20_IL22RA1_IL20RB,870
IL24_IL22RA1_IL20RB,875
IL22_IL22RA1_IL10RB,872
IL26_IL20RA_IL10RB,877
IL1A_IL1R1_IL1RAP,864
IL1B_IL1R1_IL1RAP,866
IL1A_IL1R2,865
IL1B_IL1R2,867
IL36RN_IL1RL2_IL1RAP,887
IL36A_IL1RL2_IL1RAP,884
IL36B_IL1RL2_IL1RAP,885
IL36G_IL1RL2_IL1RAP,886
IL1F10_IL1RL2_IL1RAP,868
IL37_IL18R1_IL18RAP,888
IL18_IL18R1_IL18RAP,862
IL33_IL1RL1_IL1RAP,882
IL17A_IL17RA_IL17RC,858
IL17F_IL17RA_IL17RC,861
IL17AF_IL17RA_IL17RC,857
IL17B_IL17RB,859
IL17C_IL17RA_IL17RE,860
IL25_IL17RA_IL17RB,876
IL34_CSF1R,883
CSF1_CSF1R,447
IL16_CD4,856
EPO_EPOR,584
GH1_GHR,726
PRL_PRLR,1261
THPO_MPL,1497
CSF3_CSF3R,449
IFNB1_IFNAR1_IFNAR2,833
IFNW1_IFNAR1_IFNAR2,837
IFNK_IFNAR1_IFNAR2,836
IFNE_IFNAR1_IFNAR2,834
IFNA1_IFNAR1_IFNAR2,825
IFNA2_IFNAR1_IFNAR2,827
IFNA4_IFNAR1_IFNAR2,828
IFNA5_IFNAR1_IFNAR2,829
IFNA6_IFNAR1_IFNAR2,830
IFNA7_IFNAR1_IFNAR2,831
IFNA8_IFNAR1_IFNAR2,832
IFNA10_IFNAR1_IFNAR2,820
IFNA13_IFNAR1_IFNAR2,821
IFNA14_IFNAR1_IFNAR2,822
IFNA16_IFNAR1_IFNAR2,823
IFNA17_IFNAR1_IFNAR2,824
IFNA21_IFNAR1_IFNAR2,826
IFNG_IFNGR1_IFNGR2,835
TNF_TNFRSF1A,1526
TNF_TNFRSF1B,1527
LTA_TNFRSF1A,1110
LTA_TNFRSF1B,1111
LTA_TNFRSF14,1109
LTA1B2_LTBR,1108
TNFSF14_LTBR,1519
TNFSF14_TNFRSF14,1520
FASLG_FAS,599
TNFSF15_TNFRSF25,1521
TNFSF10_TNFRSF10A,1510
EDA_EDAR,517
EDA_EDA2R,516
NGF_NGFR,1153
KLK3_NGFR,948
TNFSF11_TNFRSF11A,1511
TNFSF11_TNFRSF11B,1512
TNFSF12_TNFRSF12A,1513
CD70_CD27,210
TNFSF8_TNFRSF8,1524
TNFSF9_TNFRSF9,1525
TNFSF4_TNFRSF4,1523
TNFSF18_TNFRSF18,1522
TNFSF13_TNFRSF17,1518
TNFSF13_TNFRSF13B,1517
TNFSF13B_TNFRSF17,1516
TNFSF13B_TNFRSF13B,1514
TNFSF13B_TNFRSF13C,1515
CD40LG_ITGA2B_ITGB3,203
CD40LG_ITGA5_ITGB1,204
CD40LG_ITGAM_ITGB2,205
SPP1_CD44,1441
SPP1_ITGAV_ITGB3,1447
SPP1_ITGAV_ITGB1,1446
SPP1_ITGAV_ITGB5,1448
SPP1_ITGAV_ITGB6,1449
SPP1_ITGA4_ITGB1,1442
SPP1_ITGA9_ITGB1,1445
SPP1_ITGA8_ITGB1,1444
SPP1_ITGA5_ITGB1,1443
ADIPOQ_ADIPOR1,6
ADIPOQ_ADIPOR2,7
RETN_TLR4,1318
RETN_CAP1,1317
NAMPT_INSR,1134
NAMPT_ITGA5_ITGB1,1135
ANGPTL1_ITGA1_ITGB1,19
ANGPTL2_ITGA5_ITGB1,21
ANGPTL2_TLR4,23
ANGPTL2_LILRB3,22
ANGPTL1_LILRB3,20
ANGPTL7_LILRB3,33
ANGPTL4_ITGA5_ITGB1,27
ANGPTL4_ITGAV_ITGB3,28
ANGPTL4_CDH5,26
ANGPTL4_CDH11,25
ANGPTL4_SDC1,29
ANGPTL4_SDC2,30
ANGPTL4_SDC3,31
ANGPTL4_SDC4,32
ANGPTL3_ITGAV_ITGB3,24
ANGPT1_TEK,16
ANGPT2_TEK,18
ANGPT2_ITGA5_ITGB1,17
MDK_SDC1,1120
MDK_SDC2,1121
MDK_SDC4,1122
MDK_PTPRZ1,1119
MDK_ITGA4_ITGB1,1115
MDK_ITGA6_ITGB1,1116
MDK_LRP1,1117
MDK_NCL,1118
MDK_ALK,1114
PTN_PTPRZ1,1294
PTN_SDC1,1295
PTN_SDC2,1296
PTN_SDC3,1297
PTN_SDC4,1298
PTN_ITGAV_ITGB3,1292
PTN_NCL,1293
PTN_ALK,1291
POSTN_ITGAV_ITGB3,1251
POSTN_ITGAV_ITGB5,1252
AGT_AGTR1,11
GRP_GRPR,737
NMB_NMBR,1155
KNG1_BDKRB1,950
KNG1_BDKRB2,951
C3_C3AR1,114
C3_CR2,115
C3_ITGAM_ITGB2,116
C3_ITGAX_ITGB2,117
C4A_C3AR1,118
C4A_CR2,119
C5_C5AR1,120
CCK_CCKAR,127
CCK_CCKBR,128
EDN1_EDNRA,518
EDN2_EDNRA,520
EDN3_EDNRA,522
EDN1_EDNRB,519
EDN2_EDNRB,521
EDN3_EDNRB,523
GAL_GALR1,681
GAL_GALR2,682
GAL_GALR3,683
GALP_GALR1,679
GALP_GALR2,680
GHRL_GHSR,732
KISS1_KISS1R,946
POMC_MC1R,1242
POMC_MC2R,1243
POMC_MC3R,1244
POMC_MC4R,1245
POMC_MC5R,1246
NMU_NMUR1,1158
NMU_NMUR2,1159
NMS_NMUR1,1156
NMS_NMUR2,1157
NPFF_NPFFR1,1165
NPFF_NPFFR2,1166
NPY_NPY1R,1177
NPY_NPY2R,1178
NPY_NPY4R,1179
NPY_NPY5R,1180
NPY_NPY6R,1181
NPY_GPR83,1176
PPY_NPY1R,1255
PPY_NPY2R,1256
PPY_NPY4R,1257
PPY_NPY5R,1258
PPY_NPY6R,1259
PPY_GPR83,1254
PYY_NPY1R,1305
PYY_NPY2R,1306
PYY_NPY4R,1307
PYY_NPY5R,1308
PYY_NPY6R,1309
PYY_GPR83,1304
NPB_NPBWR1,1164
NPW_NPBWR1,1175
NTS_NTSR1,1209
NTS_NTSR2,1210
PDYN_OPRD1,1223
PDYN_OPRK1,1224
PDYN_OPRL1,1225
PDYN_OPRM1,1226
PENK_OPRD1,1228
PENK_OPRK1,1229
PENK_OPRL1,1230
PENK_OPRM1,1231
POMC_OPRD1,1247
POMC_OPRK1,1248
POMC_OPRL1,1249
POMC_OPRM1,1250
HCRT_HCRTR1,749
HCRT_HCRTR2,750
OXT_OXTR,1215
SST_SSTR1,1450
SST_SSTR2,1451
SST_SSTR3,1452
SST_SSTR4,1453
SST_SSTR5,1454
CORT_SSTR1,440
CORT_SSTR2,441
CORT_SSTR3,442
CORT_SSTR4,443
CORT_SSTR5,444
TAC1_TACR1,1455
TAC4_TACR1,1458
TAC1_TACR2,1456
TAC3_TACR3,1457
UTS2_UTS2R,1562
AVP_AVPR2,46
AVP_AVPR1A,44
AVP_AVPR1B,45
PRLH_PRLHR,1260
PRSS3_F2R,1278
CTSG_F2R,452
F2_F2R,594
PLG_F2R,1235
GZMA_F2R,740
PRSS2_F2R,1273
PRSS1_F2R,1268
PRSS3_F2RL1,1279
CTSG_F2RL1,453
F2_F2RL1,595
PLG_F2RL1,1236
GZMA_F2RL1,741
PRSS2_F2RL1,1274
PRSS1_F2RL1,1269
PRSS3_F2RL2,1280
CTSG_F2RL2,454
F2_F2RL2,596
PLG_F2RL2,1237
GZMA_F2RL2,742
PRSS2_F2RL2,1275
PRSS1_F2RL2,1270
PRSS3_F2RL3,1281
CTSG_F2RL3,455
F2_F2RL3,597
GZMA_F2RL3,743
PLG_F2RL3,1238
PRSS2_F2RL3,1276
PRSS1_F2RL3,1271
PRSS3_PARD3,1282
CTSG_PARD3,456
F2_PARD3,598
GZMA_PARD3,744
PLG_PARD3,1239
PRSS2_PARD3,1277
PRSS1_PARD3,1272
PMCH_MCHR1,1240
PROK1_PROKR2,1263
PROK1_PROKR1,1262
PROK2_PROKR1,1264
PROK2_PROKR2,1265
ADCYAP1_ADCYAP1R1,4
VIP_VIPR1,1573
VIP_VIPR2,1574
NPPA_NPR1,1169
NPPB_NPR1,1170
NPPC_NPR2,1171
KITLG_KIT,947
GCG_GIPR,688
GIP_GIPR,733
FSHB_FSHR,678
CGA_FSHR,231
LHB_LHCGR,1103
CGA_LHCGR,232
TSHB_TSHR,1550
CGA_TSHR,233
BDNF_NTRK2,48
NGF_NTRK1,1154
FLT3LG_FLT3,664
HGF_MET,751
KLK3_NTRK1,949
NTF3_NTRK1,1205
NTF3_NTRK2,1206
NTF3_NTRK3,1207
NTF4_NTRK2,1208
SEMA3A_NRP1_PLXNA1,1340
SEMA3A_NRP1_PLXNA2,1341
SEMA3A_NRP1_PLXNA3,1342
SEMA3A_NRP1_PLXNA4,1343
SEMA3B_NRP1_PLXNA1,1344
SEMA3B_NRP1_PLXNA2,1345
SEMA3B_NRP1_PLXNA3,1346
SEMA3B_NRP1_PLXNA4,1347
SEMA3C_NRP1_PLXNA1,1353
SEMA3C_NRP1_PLXNA2,1354
SEMA3C_NRP1_PLXNA3,1355
SEMA3C_NRP1_PLXNA4,1356
SEMA3D_NRP1_PLXNA1,1362
SEMA3D_NRP1_PLXNA2,1363
SEMA3D_NRP1_PLXNA3,1364
SEMA3D_NRP1_PLXNA4,1365
SEMA3B_NRP2_PLXNA1,1348
SEMA3B_NRP2_PLXNA2,1349
SEMA3B_NRP2_PLXNA3,1350
SEMA3B_NRP2_PLXNA4,1351
SEMA3C_NRP2_PLXNA1,1357
SEMA3C_NRP2_PLXNA2,1358
SEMA3C_NRP2_PLXNA3,1359
SEMA3C_NRP2_PLXNA4,1360
SEMA3D_NRP2_PLXNA1,1366
SEMA3D_NRP2_PLXNA2,1367
SEMA3D_NRP2_PLXNA3,1368
SEMA3D_NRP2_PLXNA4,1369
SEMA3F_NRP2_PLXNA1,1371
SEMA3F_NRP2_PLXNA2,1372
SEMA3F_NRP2_PLXNA3,1373
SEMA3F_NRP2_PLXNA4,1374
SEMA3G_NRP2_PLXNA1,1375
SEMA3G_NRP2_PLXNA2,1376
SEMA3G_NRP2_PLXNA3,1377
SEMA3G_NRP2_PLXNA4,1378
SEMA3C_NRP1_NRP2,1352
SEMA3C_PLXND1,1361
SEMA3E_PLXND1,1370
ADM_CALCR,8
ADM_CALCRL,9
AGT_MAS1,12
ANXA1_FPR2,35
ANXA1_FPR1,34
APELA_APLNR,37
CALCA_CALCR,123
CALCA_CALCRL,124
CALCB_CALCR,125
CALCB_CALCRL,126
CRH_CRHR1,445
CRH_CRHR2,446
ENHO_GPR19,578
GAS6_AXL,684
GAS6_MERTK,685
GAS6_TYRO3,686
GCG_GCGR,687
GCG_GLP1R,689
GCG_GLP2R,690
GH1_GHR,726
GH1_PRLR,727
GHRH_VIPR1,730
GHRH_VIPR2,731
GHRH_GHSR,729
GHRH_GHRHR,728
GNRH1_GNRHR,734
GRN_SORT1,736
GUCA2A_GUCY2C,738
GUCA2B_GUCY2C,739
IAPP_CALCR,805
IAPP_CALCRL,806
INSL3_RXFP2,915
INSL3_RXFP1,914
INSL3_RXFP4,917
INSL3_RXFP3,916
INSL5_RXFP4,921
INSL5_RXFP3,920
INSL5_RXFP2,919
INSL5_RXFP1,918
LEP_LEPR,1099
LGALS9_PTPRC,1102
NPS_NPSR1,1172
NPVF_NPFFR1,1173
NPVF_NPFFR2,1174
OSTN_NPR3,1214
PMCH_MERTK,1241
PROS1_AXL,1266
PROS1_TYRO3,1267
PSAP_GPR37L1,1284
PSAP_GPR37,1283
PTH_PTH1R,1289
PTH_PTH2R,1290
PTH2_PTH1R,1286
PTH2_PTH2R,1287
PTHLH_PTH1R,1288
QRFP_QRFPR,1310
RARRES2_GPR1,1315
RARRES2_CMKLR1,1314
RLN1_RXFP2,1320
RLN1_RXFP1,1319
RLN1_RXFP3,1321
RLN1_RXFP4,1322
RLN3_RXFP3,1325
RLN3_RXFP1,1323
RLN3_RXFP4,1326
RLN3_RXFP2,1324
SAA1_FPR2,1327
SCGB3A2_MARCO,1328
SCT_SCTR,1329
SLURP1_CHRNB1,1418
SLURP1_CHRNB2,1419
SLURP1_CHRNB3,1420
SLURP1_CHRNB4,1421
SLURP1_CHRNA1,1409
SLURP1_CHRNA2,1411
SLURP1_CHRNA3,1412
SLURP1_CHRNA4,1413
SLURP1_CHRNA5,1414
SLURP1_CHRNA6,1415
SLURP1_CHRNA9,1417
SLURP1_CHRNA10,1410
SLURP1_CHRND,1422
SLURP1_CHRNE,1423
SLURP1_CHRNG,1424
SLURP1_CHRNA7,1416
SLURP2_CHRNB1,1434
SLURP2_CHRNB2,1435
SLURP2_CHRNB3,1436
SLURP2_CHRNB4,1437
SLURP2_CHRNA1,1425
SLURP2_CHRNA2,1427
SLURP2_CHRNA3,1428
SLURP2_CHRNA4,1429
SLURP2_CHRNA5,1430
SLURP2_CHRNA6,1431
SLURP2_CHRNA7,1432
SLURP2_CHRNA9,1433
SLURP2_CHRNA10,1426
SLURP2_CHRND,1438
SLURP2_CHRNE,1439
SLURP2_CHRNG,1440
BTLA_TNFRSF14,113
TRH_TRHR,1549
UCN_CRHR1,1556
UCN_CRHR2,1557
UCN2_CRHR1,1552
UCN2_CRHR2,1553
UCN3_CRHR1,1554
UCN3_CRHR2,1555
UTS2B_UTS2R,1561
UTS2B_SSTR5,1560
BAG6_NCR3,47
LGALS9_HAVCR2,1101
LGALS9_CD44,1100
COL1A1_ITGA1_ITGB1,251
COL1A2_ITGA1_ITGB1,262
COL2A1_ITGA1_ITGB1,273
COL4A1_ITGA1_ITGB1,284
COL4A2_ITGA1_ITGB1,295
COL4A3_ITGA1_ITGB1,306
COL4A4_ITGA1_ITGB1,317
COL4A5_ITGA1_ITGB1,328
COL4A6_ITGA1_ITGB1,339
COL6A1_ITGA1_ITGB1,350
COL6A2_ITGA1_ITGB1,361
COL6A3_ITGA1_ITGB1,372
COL6A5_ITGA1_ITGB1,383
COL6A6_ITGA1_ITGB1,394
COL9A1_ITGA1_ITGB1,405
COL9A2_ITGA1_ITGB1,416
COL9A3_ITGA1_ITGB1,427
COL1A1_ITGA2_ITGB1,252
COL1A2_ITGA2_ITGB1,263
COL2A1_ITGA2_ITGB1,274
COL4A1_ITGA2_ITGB1,285
COL4A2_ITGA2_ITGB1,296
COL4A3_ITGA2_ITGB1,307
COL4A4_ITGA2_ITGB1,318
COL4A5_ITGA2_ITGB1,329
COL4A6_ITGA2_ITGB1,340
COL6A1_ITGA2_ITGB1,351
COL6A2_ITGA2_ITGB1,362
COL6A3_ITGA2_ITGB1,373
COL6A5_ITGA2_ITGB1,384
COL6A6_ITGA2_ITGB1,395
COL9A1_ITGA2_ITGB1,406
COL9A2_ITGA2_ITGB1,417
COL9A3_ITGA2_ITGB1,428
FN1_ITGA3_ITGB1,667
FN1_ITGA4_ITGB1,668
FN1_ITGA5_ITGB1,670
FN1_ITGA8_ITGB1,671
LAMA1_ITGA1_ITGB1,957
LAMA2_ITGA1_ITGB1,970
LAMA3_ITGA1_ITGB1,983
LAMA4_ITGA1_ITGB1,996
LAMA5_ITGA1_ITGB1,1009
LAMB1_ITGA1_ITGB1,1022
LAMB2_ITGA1_ITGB1,1035
LAMB3_ITGA1_ITGB1,1048
LAMC1_ITGA1_ITGB1,1061
LAMC2_ITGA1_ITGB1,1074
LAMC3_ITGA1_ITGB1,1087
LAMA1_ITGA2_ITGB1,958
LAMA2_ITGA2_ITGB1,971
LAMA3_ITGA2_ITGB1,984
LAMA4_ITGA2_ITGB1,997
LAMA5_ITGA2_ITGB1,1010
LAMB1_ITGA2_ITGB1,1023
LAMB2_ITGA2_ITGB1,1036
LAMB3_ITGA2_ITGB1,1049
LAMC1_ITGA2_ITGB1,1062
LAMC2_ITGA2_ITGB1,1075
LAMC3_ITGA2_ITGB1,1088
CHAD_ITGA2_ITGB1,234
LAMA1_ITGA3_ITGB1,959
LAMA2_ITGA3_ITGB1,972
LAMA3_ITGA3_ITGB1,985
LAMA4_ITGA3_ITGB1,998
LAMA5_ITGA3_ITGB1,1011
LAMB1_ITGA3_ITGB1,1024
LAMB2_ITGA3_ITGB1,1037
LAMB3_ITGA3_ITGB1,1050
LAMC1_ITGA3_ITGB1,1063
LAMC2_ITGA3_ITGB1,1076
LAMC3_ITGA3_ITGB1,1089
RELN_ITGA3_ITGB1,1316
THBS1_ITGA3_ITGB1,1475
THBS2_ITGA3_ITGB1,1481
THBS3_ITGA3_ITGB1,1487
THBS4_ITGA3_ITGB1,1493
COMP_ITGA3_ITGB1,436
COL1A1_ITGA3_ITGB1,253
COL1A2_ITGA3_ITGB1,264
COL2A1_ITGA3_ITGB1,275
COL4A1_ITGA3_ITGB1,286
COL4A2_ITGA3_ITGB1,297
COL4A3_ITGA3_ITGB1,308
COL4A4_ITGA3_ITGB1,319
COL4A5_ITGA3_ITGB1,330
COL4A6_ITGA3_ITGB1,341
COL6A1_ITGA3_ITGB1,352
COL6A2_ITGA3_ITGB1,363
COL6A3_ITGA3_ITGB1,374
COL6A5_ITGA3_ITGB1,385
COL6A6_ITGA3_ITGB1,396
COL9A1_ITGA3_ITGB1,407
COL9A2_ITGA3_ITGB1,418
COL9A3_ITGA3_ITGB1,429
LAMA1_ITGA6_ITGB1,960
LAMA2_ITGA6_ITGB1,973
LAMA3_ITGA6_ITGB1,986
LAMA4_ITGA6_ITGB1,999
LAMA5_ITGA6_ITGB1,1012
LAMB1_ITGA6_ITGB1,1025
LAMB2_ITGA6_ITGB1,1038
LAMB3_ITGA6_ITGB1,1051
LAMC1_ITGA6_ITGB1,1064
LAMC2_ITGA6_ITGB1,1077
LAMC3_ITGA6_ITGB1,1090
LAMA1_ITGA7_ITGB1,962
LAMA2_ITGA7_ITGB1,975
LAMA3_ITGA7_ITGB1,988
LAMA4_ITGA7_ITGB1,1001
LAMA5_ITGA7_ITGB1,1014
LAMB1_ITGA7_ITGB1,1027
LAMB2_ITGA7_ITGB1,1040
LAMB3_ITGA7_ITGB1,1053
LAMC1_ITGA7_ITGB1,1066
LAMC2_ITGA7_ITGB1,1079
LAMC3_ITGA7_ITGB1,1092
VTN_ITGA8_ITGB1,1577
TNC_ITGA8_ITGB1,1504
TNR_ITGA8_ITGB1,1536
TNN_ITGA8_ITGB1,1529
TNXB_ITGA8_ITGB1,1543
NPNT COMPLEX 1_ITGA8_ITGB1,1167
NPNT COMPLEX 2_ITGA8_ITGB1,1168
TNC_ITGA9_ITGB1,1505
TNR_ITGA9_ITGB1,1537
TNN_ITGA9_ITGB1,1530
TNXB_ITGA9_ITGB1,1544
COL1A1_ITGA9_ITGB1,254
COL1A2_ITGA9_ITGB1,265
COL2A1_ITGA9_ITGB1,276
COL4A1_ITGA9_ITGB1,287
COL4A2_ITGA9_ITGB1,298
COL4A3_ITGA9_ITGB1,309
COL4A4_ITGA9_ITGB1,320
COL4A5_ITGA9_ITGB1,331
COL4A6_ITGA9_ITGB1,342
COL6A1_ITGA9_ITGB1,353
COL6A2_ITGA9_ITGB1,364
COL6A3_ITGA9_ITGB1,375
COL6A5_ITGA9_ITGB1,386
COL6A6_ITGA9_ITGB1,397
COL9A1_ITGA9_ITGB1,408
COL9A2_ITGA9_ITGB1,419
COL9A3_ITGA9_ITGB1,430
LAMA1_ITGA9_ITGB1,963
LAMA2_ITGA9_ITGB1,976
LAMA3_ITGA9_ITGB1,989
LAMA4_ITGA9_ITGB1,1002
LAMA5_ITGA9_ITGB1,1015
LAMB1_ITGA9_ITGB1,1028
LAMB2_ITGA9_ITGB1,1041
LAMB3_ITGA9_ITGB1,1054
LAMC1_ITGA9_ITGB1,1067
LAMC2_ITGA9_ITGB1,1080
LAMC3_ITGA9_ITGB1,1093
COL1A1_ITGA10_ITGB1,249
COL1A2_ITGA10_ITGB1,260
COL2A1_ITGA10_ITGB1,271
COL4A1_ITGA10_ITGB1,282
COL4A2_ITGA10_ITGB1,293
COL4A3_ITGA10_ITGB1,304
COL4A4_ITGA10_ITGB1,315
COL4A5_ITGA10_ITGB1,326
COL4A6_ITGA10_ITGB1,337
COL6A1_ITGA10_ITGB1,348
COL6A2_ITGA10_ITGB1,359
COL6A3_ITGA10_ITGB1,370
COL6A5_ITGA10_ITGB1,381
COL6A6_ITGA10_ITGB1,392
COL9A1_ITGA10_ITGB1,403
COL9A2_ITGA10_ITGB1,414
COL9A3_ITGA10_ITGB1,425
COL1A1_ITGA11_ITGB1,250
COL1A2_ITGA11_ITGB1,261
COL2A1_ITGA11_ITGB1,272
COL4A1_ITGA11_ITGB1,283
COL4A2_ITGA11_ITGB1,294
COL4A3_ITGA11_ITGB1,305
COL4A4_ITGA11_ITGB1,316
COL4A5_ITGA11_ITGB1,327
COL4A6_ITGA11_ITGB1,338
COL6A1_ITGA11_ITGB1,349
COL6A2_ITGA11_ITGB1,360
COL6A3_ITGA11_ITGB1,371
COL6A5_ITGA11_ITGB1,382
COL6A6_ITGA11_ITGB1,393
COL9A1_ITGA11_ITGB1,404
COL9A2_ITGA11_ITGB1,415
COL9A3_ITGA11_ITGB1,426
FN1_ITGAV_ITGB1,672
VTN_ITGAV_ITGB1,1578
DSPP_ITGAV_ITGB1,514
FN1_ITGA4_ITGB7,669
FN1_ITGAV_ITGB3,673
VTN_ITGAV_ITGB3,1579
VWF_ITGAV_ITGB3,1584
TNC_ITGAV_ITGB3,1506
TNR_ITGAV_ITGB3,1538
TNN_ITGAV_ITGB3,1531
TNXB_ITGAV_ITGB3,1545
IBSP_ITGAV_ITGB3,807
THBS1_ITGAV_ITGB3,1476
THBS2_ITGAV_ITGB3,1482
THBS3_ITGAV_ITGB3,1488
THBS4_ITGAV_ITGB3,1494
COMP_ITGAV_ITGB3,437
DMP1_ITGAV_ITGB3,507
FN1_ITGA2B_ITGB3,666
VTN_ITGA2B_ITGB3,1576
VWF_ITGA2B_ITGB3,1583
TNC_ITGA2B_ITGB3,1503
TNR_ITGA2B_ITGB3,1535
TNN_ITGA2B_ITGB3,1528
TNXB_ITGA2B_ITGB3,1542
VTN_ITGAV_ITGB5,1580
IBSP_ITGAV_ITGB5,808
TNC_ITGAV_ITGB6,1507
TNR_ITGAV_ITGB6,1539
TNN_ITGAV_ITGB6,1532
TNXB_ITGAV_ITGB6,1546
FN1_ITGAV_ITGB6,674
DSPP_ITGAV_ITGB6,515
VTN_ITGAV_ITGB8,1581
FN1_ITGAV_ITGB8,675
LAMA1_ITGAV_ITGB8,964
LAMA2_ITGAV_ITGB8,977
LAMA3_ITGAV_ITGB8,990
LAMA4_ITGAV_ITGB8,1003
LAMA5_ITGAV_ITGB8,1016
LAMB1_ITGAV_ITGB8,1029
LAMB2_ITGAV_ITGB8,1042
LAMB3_ITGAV_ITGB8,1055
LAMC1_ITGAV_ITGB8,1068
LAMC2_ITGAV_ITGB8,1081
LAMC3_ITGAV_ITGB8,1094
COL1A1_ITGAV_ITGB8,255
COL1A2_ITGAV_ITGB8,266
COL2A1_ITGAV_ITGB8,277
COL4A1_ITGAV_ITGB8,288
COL4A2_ITGAV_ITGB8,299
COL4A3_ITGAV_ITGB8,310
COL4A4_ITGAV_ITGB8,321
COL4A5_ITGAV_ITGB8,332
COL4A6_ITGAV_ITGB8,343
COL6A1_ITGAV_ITGB8,354
COL6A2_ITGAV_ITGB8,365
COL6A3_ITGAV_ITGB8,376
COL6A5_ITGAV_ITGB8,387
COL6A6_ITGAV_ITGB8,398
COL9A1_ITGAV_ITGB8,409
COL9A2_ITGAV_ITGB8,420
COL9A3_ITGAV_ITGB8,431
LAMA1_ITGA6_ITGB4,961
LAMA2_ITGA6_ITGB4,974
LAMA3_ITGA6_ITGB4,987
LAMA4_ITGA6_ITGB4,1000
LAMA5_ITGA6_ITGB4,1013
LAMB1_ITGA6_ITGB4,1026
LAMB2_ITGA6_ITGB4,1039
LAMB3_ITGA6_ITGB4,1052
LAMC1_ITGA6_ITGB4,1065
LAMC2_ITGA6_ITGB4,1078
LAMC3_ITGA6_ITGB4,1091
FN1_CD44,665
COL1A1_CD44,247
COL1A2_CD44,258
COL2A1_CD44,269
COL4A1_CD44,280
COL4A2_CD44,291
COL4A3_CD44,302
COL4A4_CD44,313
COL4A5_CD44,324
COL4A6_CD44,335
COL6A1_CD44,346
COL6A2_CD44,357
COL6A3_CD44,368
COL6A5_CD44,379
COL6A6_CD44,390
COL9A1_CD44,401
COL9A2_CD44,412
COL9A3_CD44,423
LAMA1_CD44,955
LAMA2_CD44,968
LAMA3_CD44,981
LAMA4_CD44,994
LAMA5_CD44,1007
LAMB1_CD44,1020
LAMB2_CD44,1033
LAMB3_CD44,1046
LAMC1_CD44,1059
LAMC2_CD44,1072
LAMC3_CD44,1085
COL1A1_SDC1,256
COL1A2_SDC1,267
COL2A1_SDC1,278
COL4A1_SDC1,289
COL4A2_SDC1,300
COL4A3_SDC1,311
COL4A4_SDC1,322
COL4A5_SDC1,333
COL4A6_SDC1,344
COL6A1_SDC1,355
COL6A2_SDC1,366
COL6A3_SDC1,377
COL6A5_SDC1,388
COL6A6_SDC1,399
COL9A1_SDC1,410
COL9A2_SDC1,421
COL9A3_SDC1,432
FN1_SDC1,676
TNC_SDC1,1508
TNR_SDC1,1540
TNN_SDC1,1533
TNXB_SDC1,1547
THBS1_SDC1,1477
THBS2_SDC1,1483
THBS3_SDC1,1489
THBS4_SDC1,1495
COMP_SDC1,438
COL1A1_SDC4,257
COL1A2_SDC4,268
COL2A1_SDC4,279
COL4A1_SDC4,290
COL4A2_SDC4,301
COL4A3_SDC4,312
COL4A4_SDC4,323
COL4A5_SDC4,334
COL4A6_SDC4,345
COL6A1_SDC4,356
COL6A2_SDC4,367
COL6A3_SDC4,378
COL6A5_SDC4,389
COL6A6_SDC4,400
COL9A1_SDC4,411
COL9A2_SDC4,422
COL9A3_SDC4,433
FN1_SDC4,677
TNC_SDC4,1509
TNR_SDC4,1541
TNN_SDC4,1534
TNXB_SDC4,1548
THBS1_SDC4,1478
THBS2_SDC4,1484
THBS3_SDC4,1490
THBS4_SDC4,1496
COMP_SDC4,439
LAMA1_SV2A,965
LAMA2_SV2A,978
LAMA3_SV2A,991
LAMA4_SV2A,1004
LAMA5_SV2A,1017
LAMB1_SV2A,1030
LAMB2_SV2A,1043
LAMB3_SV2A,1056
LAMC1_SV2A,1069
LAMC2_SV2A,1082
LAMC3_SV2A,1095
LAMA1_SV2B,966
LAMA2_SV2B,979
LAMA3_SV2B,992
LAMA4_SV2B,1005
LAMA5_SV2B,1018
LAMB1_SV2B,1031
LAMB2_SV2B,1044
LAMB3_SV2B,1057
LAMC1_SV2B,1070
LAMC2_SV2B,1083
LAMC3_SV2B,1096
LAMA1_SV2C,967
LAMA2_SV2C,980
LAMA3_SV2C,993
LAMA4_SV2C,1006
LAMA5_SV2C,1019
LAMB1_SV2C,1032
LAMB2_SV2C,1045
LAMB3_SV2C,1058
LAMC1_SV2C,1071
LAMC2_SV2C,1084
LAMC3_SV2C,1097
THBS1_CD36,1473
THBS2_CD36,1479
THBS3_CD36,1485
THBS4_CD36,1491
COMP_CD36,434
VWF_GP COMPLEX,1582
COL1A1_GP6,248
COL1A2_GP6,259
COL2A1_GP6,270
COL4A1_GP6,281
COL4A2_GP6,292
COL4A3_GP6,303
COL4A4_GP6,314
COL4A5_GP6,325
COL4A6_GP6,336
COL6A1_GP6,347
COL6A2_GP6,358
COL6A3_GP6,369
COL6A5_GP6,380
COL6A6_GP6,391
COL9A1_GP6,402
COL9A2_GP6,413
COL9A3_GP6,424
THBS1_CD47,1474
THBS2_CD47,1480
THBS3_CD47,1486
THBS4_CD47,1492
COMP_CD47,435
AGRN_DAG1,10
HSPG2_DAG1,804
LAMA1_DAG1,956
LAMA2_DAG1,969
LAMA3_DAG1,982
LAMA4_DAG1,995
LAMA5_DAG1,1008
LAMB1_DAG1,1021
LAMB2_DAG1,1034
LAMB3_DAG1,1047
LAMC1_DAG1,1060
LAMC2_DAG1,1073
LAMC3_DAG1,1086
ADGRE5_CD55,5
ALCAM_CD6,13
ANXA1_FPR2_LXA4,36
APP_CD74,39
CADM1_CADM1,121
CADM3_CADM3,122
CD22_PTPRC,199
CD226_NECTIN2,197
CD226_PVR,198
FCER2_ITGAM_ITGB2,601
FCER2_ITGAX_ITGB2,603
FCER2_ITGAV_ITGB3,602
FCER2_CR2,600
CD34_SELP,201
ENTPD1_ADORA1,579
ENTPD1_ADORA2A,580
ENTPD1_ADORA2B,581
ENTPD1_TMIGD3,582
CD40LG_CD40,202
PTPRC_CD22,1299
PTPRC_MRC1,1300
CD46_JAG1,206
CD48_CD244,207
CD6_ALCAM,209
CD80_CD274,211
CD80_CD28,212
CD80_CTLA4,213
CD86_CD28,214
CD86_CTLA4,215
CD96_NECTIN1,217
CD96_PVR,218
CD99_PILRA,221
CD99_CD99,219
CD99_CD99L2,220
CDH15_CDH15,222
CDH4_CDH4,228
CDH2_CDH2,227
CDH1_CDH1,223
CDH1_ITGA2_ITGB1,224
CDH1_ITGAE_ITGB7,225
CDH1_KLRG1,226
CDH5_CDH5,229
CD1D_CEACAM5,195
CD209_CEACAM1,196
CD8A_CEACAM5,216
CEACAM1_CEACAM5,230
SELE_CEACAM1,1331
CLDN11_CLDN11,236
CLEC2D_KLRB1,240
CLEC2A_KLRB1,238
CLEC2B_KLRB1,239
CD69_KLRB1,208
CLEC2L_KLRB1,241
CLEC1B_KLRB1,237
NFASC_CNTN1_CNTNAP1,1152
CNTN2_CNTN2_CNTNAP2,245
CNTN2_L1CAM,246
CNTN2_CNTN2,244
CNTN1_NRCAM,243
CSPG4_ITGA3_ITGB1,450
DSC1_DSG1,508
DSC1_DSG2,509
DSC2_DSG1,510
DSC2_DSG2,511
DSG1_DSC3,512
DSG2_DSC3,513
EPGN_EGFR,583
EFNA1_EPHA1,524
EFNA1_EPHA2,525
EFNA1_EPHA3,526
EFNA1_EPHA4,527
EFNA1_EPHA5,528
EFNA1_EPHA7,529
EFNA1_EPHA8,530
EFNA2_EPHA1,531
EFNA2_EPHA2,532
EFNA2_EPHA3,533
EFNA2_EPHA4,534
EFNA2_EPHA5,535
EFNA2_EPHA7,536
EFNA2_EPHA8,537
EFNA3_EPHA1,538
EFNA3_EPHA2,539
EFNA3_EPHA3,540
EFNA3_EPHA4,541
EFNA3_EPHA5,542
EFNA3_EPHA7,543
EFNA3_EPHA8,544
EFNA4_EPHA1,545
EFNA4_EPHA2,546
EFNA4_EPHA3,547
EFNA4_EPHA4,548
EFNA4_EPHA5,549
EFNA4_EPHA7,550
EFNA4_EPHA8,551
EFNA5_EPHA1,552
EFNA5_EPHA2,553
EFNA5_EPHA3,554
EFNA5_EPHA4,555
EFNA5_EPHA5,556
EFNA5_EPHA7,557
EFNA5_EPHA8,558
EFNA5_EPHB2,559
EFNB1_EPHA4,560
EFNB1_EPHB1,561
EFNB1_EPHB2,562
EFNB1_EPHB3,563
EFNB1_EPHB4,564
EFNB2_EPHA4,565
EFNB2_EPHB1,566
EFNB2_EPHB2,567
EFNB2_EPHB3,568
EFNB2_EPHB4,569
EFNB3_EPHA4,570
EFNB3_EPHB1,571
EFNB3_EPHB2,572
EFNB3_EPHB3,573
EFNB3_EPHB4,574
EFNB3_EPHB6,575
ESAM_ESAM,589
GP1BA_ITGAM_ITGB2,735
ICAM1_ITGAX_ITGB2,812
ICAM1_ITGAL_ITGB2,810
ICAM2_ITGAL_ITGB2,814
ICAM1_ITGAM_ITGB2,811
ICAM2_ITGAM_ITGB2,815
ICAM1_ITGAL,809
ICAM1_SPN,813
ICAM5_CD209,816
ICOSLG_ICOS,819
ICOSLG_CD28,817
ICOSLG_CTLA4,818
ITGB2_CD226,926
ITGB2_ICAM1,927
ITGB2_ICAM2,928
JAM2_ITGA3_ITGB1,938
JAM2_ITGAV_ITGB1,939
JAM3_ITGAM_ITGB2,943
F11R_ITGAL_ITGB2,591
JAM2_JAM3,941
F11R_F11R,590
F11R_JAM2,592
F11R_JAM3,593
JAM2_F11R,937
JAM2_JAM2,940
JAM3_F11R,942
JAM3_JAM2,944
JAM3_JAM3,945
L1CAM_ITGAV_ITGB3,953
L1CAM_ITGA4_ITGB7,952
L1CAM_L1CAM,954
LCK_CD8 RECEPTOR,1098
MADCAM1_ITGA4_ITGB7,1112
MAG_MAG,1113
HLA-A_CD8A,752
HLA-B_CD8A,756
HLA-C_CD8A,760
HLA-E_CD8A,783
HLA-F_CD8A,792
HLA-G_CD8A,799
HLA-A_CD8B,753
HLA-B_CD8B,757
HLA-C_CD8B,761
HLA-E_CD8B,784
HLA-F_CD8B,793
HLA-G_CD8B,800
HLA-A_CD8B2,754
HLA-B_CD8B2,758
HLA-C_CD8B2,762
HLA-E_CD8B2,785
HLA-F_CD8B2,794
HLA-G_CD8B2,801
HLA-C_KIR2DL1,763
HLA-C_KIR2DL2,764
HLA-C_KIR2DL3,765
HLA-C_KIR2DS1,766
HLA-C_KIR2DS4,767
HLA-G_LILRB1,802
HLA-G_LILRB2,803
HLA-F_KIR3DL1,795
HLA-F_KIR3DL2,796
HLA-B_KIR3DL2,759
HLA-C_KIR3DL3,768
HLA-E_KLRC1,789
HLA-E_KLRC2,790
HLA-A_KIR3DL1,755
HLA-F_LILRB1,798
HLA-E_KLRK1,791
HLA-F_KIR3DS1,797
HLA-E_CD94:NKG2A,786
HLA-E_CD94:NKG2C,787
HLA-E_CD94:NKG2E,788
ULBP1_KLRK1,1558
RAET1E_KLRK1,1311
RAET1G_KLRK1,1313
RAET1F_KLRK1,1312
HLA-DPA1_CD4,773
HLA-DPB1_CD4,774
HLA-DQA1_CD4,775
HLA-DMA_CD4,769
HLA-DMB_CD4,770
HLA-DQA2_CD4,776
HLA-DOA_CD4,771
HLA-DOB_CD4,772
HLA-DQB1_CD4,777
HLA-DRA_CD4,778
HLA-DRB1_CD4,779
HLA-DRB3_CD4,780
HLA-DRB4_CD4,781
HLA-DRB5_CD4,782
MPZ_MPZL1,1129
MPZ_MPZ,1128
MPZL1_MPZL1,1127
NCAM1_FGFR1,1136
NCAM1_NCAM1,1138
NCAM1_NCAM2,1139
NCAM1_L1CAM,1137
NCAM2_L1CAM,1140
NECTIN1_CADM3,1141
NECTIN1_CD96,1142
NECTIN1_NECTIN4,1144
NECTIN3_NECTIN1,1147
NECTIN3_NECTIN2,1148
NECTIN3_PVR,1149
NECTIN3_TIGIT,1150
NECTIN2_CD226,1145
NECTIN2_TIGIT,1146
NECTIN1_NECTIN3,1143
NEGR1_NEGR1,1151
LRRC4C_NTNG1,1106
LRRC4_NTNG2,1107
LRRC4B_PTPRF,1105
ULBP1_KLRK1_HCST,1559
DLK1_NOTCH1,491
DLK1_NOTCH2,492
DLK1_NOTCH3,493
DLK1_NOTCH4,494
DLL1_NOTCH1,495
DLL1_NOTCH3,497
DLL1_NOTCH4,498
DLL3_NOTCH1,499
DLL3_NOTCH2,500
DLL3_NOTCH3,501
DLL3_NOTCH4,502
DLL4_NOTCH1,503
DLL4_NOTCH2,504
DLL4_NOTCH3,505
DLL4_NOTCH4,506
JAG1_NOTCH1,929
JAG1_NOTCH2,930
JAG1_NOTCH3,931
JAG1_NOTCH4,932
JAG2_NOTCH1,933
JAG2_NOTCH2,934
JAG2_NOTCH3,935
JAG2_NOTCH4,936
DLL1_NOTCH2,496
NRXN1_NLGN1,1196
NRXN1_NLGN2,1197
NRXN1_NLGN3,1198
NRXN2_NLGN1,1199
NRXN2_NLGN2,1200
NRXN2_NLGN3,1201
NRXN3_NLGN1,1202
NRXN3_NLGN2,1203
NRXN3_NLGN3,1204
OCLN_OCLN,1211
CD274_PDCD1,200
PDCD1LG2_PDCD1,1216
PECAM1_PECAM1,1227
PTPRM_PTPRM,1301
PVR_CD226,1302
PVR_TIGIT,1303
SELE_CD44,1330
SELE_GLG1,1332
SELL_CD34,1333
SELL_PODXL,1336
SELL_GLYCAM1,1334
SELL_MADCAM1,1335
SELPLG_SELE,1337
SELPLG_SELL,1338
SELPLG_SELP,1339
SEMA4A_NRP1_PLXNA1,1379
SEMA4A_NRP1_PLXNA2,1380
SEMA4A_NRP1_PLXNA3,1381
SEMA4A_NRP1_PLXNA4,1382
SEMA4A_PLXNB1,1383
SEMA4A_PLXNB2,1384
SEMA4A_PLXNB3,1385
SEMA4D_PLXNB1,1388
SEMA4D_PLXNB2,1389
SEMA4D_PLXNB3,1390
SEMA4C_PLXNB2,1386
SEMA4G_PLXNB2,1391
SEMA4D_CD72,1387
SEMA5A_PLXNA1,1392
SEMA5B_PLXNA1,1395
SEMA5A_PLXNA3,1393
SEMA5B_PLXNA3,1396
SEMA5A_PLXNB3,1394
SEMA6D_PLXNA1_KDR,1402
SEMA6D_PLXNA1_TREM2,1403
SEMA6D_PLXNA1,1401
SEMA6A_PLXNA2,1397
SEMA6B_PLXNA2,1399
SEMA6A_PLXNA4,1398
SEMA6B_PLXNA4,1400
SEMA7A_ITGB1_ITGA1,1404
SEMA7A_PLXNC1,1405
SIGLEC1_SPN,1408
THY1_ITGAM_ITGB2,1498
THY1_ITGAX_ITGB2,1500
THY1_ITGAV_ITGB3,1499
TIGIT_NECTIN2,1501
TIGIT_PVR,1502
ITGA4_ITGB1_VCAM1,923
ITGA9_ITGB1_VCAM1,925
ITGA4_ITGB7_VCAM1,924
VSIR_IGSF11,1575
